queries,vk.com,m.vk.com,vk.company,rutube.ru,dzen.ru,twitter.com,ok.ru,www.instagram.com
смотреть онлайн вк,1,-,-,-,5,-,-,8
вк смотреть онлайн бесплатно,1,-,-,-,3,-,-,-
вк видео смотреть онлайн бесплатно,1,-,-,-,2,-,-,-
смотреть онлайн в хорошем качестве вк,"1, 2",-,-,3,4,-,-,-
вк смотреть онлайн бесплатно в хорошем качестве,"1, 2",-,-,4,3,-,-,-
смотреть фильмы онлайн вк,"1, 2, 3",-,-,5,-,-,-,-
вк смотреть онлайн сериал,"1, 2, 3",-,-,-,-,-,-,-
лучшие фильмы смотреть онлайн вк,"1, 2, 3",-,-,6,-,-,-,-
вк фильмы онлайн смотреть бесплатно в хорошем,"1, 2, 3",-,-,4,-,-,10,-
видео в вк смотреть онлайн,1,-,-,-,2,-,-,-
вк видео смотреть онлайн бесплатно в хорошем,1,-,-,-,2,-,-,-
вк сериал онлайн смотреть бесплатно,"1, 2",-,-,-,-,-,-,-
1 1 смотреть онлайн вк,"1, 2",-,-,9,-,-,5,-
фильм 2024 смотреть онлайн бесплатно вк,"1, 2, 3",-,-,-,-,-,-,-
субстанция смотреть онлайн вк,9,-,-,10,-,-,-,-
фильмы в вк 2024 смотреть онлайн,"1, 2",-,-,6,-,-,9,-
фильмы на вк смотреть онлайн бесплатно,"1, 2, 3",-,-,7,9,-,-,-
субстанция фильм смотреть онлайн вк,10,-,-,-,-,-,-,-
субстанция смотреть онлайн бесплатно вк,-,-,-,-,-,-,-,-
субстанция фильм смотреть онлайн бесплатно вк,7,-,-,8,-,-,-,-
субстанция 2024 смотреть онлайн вк,-,-,-,-,-,-,-,-
субстанция фильм 2024 смотреть онлайн вк,-,-,-,-,-,-,-,-
смотреть вк без регистрации онлайн,1,-,-,8,6,-,-,-
смотреть вк без регистрации онлайн бесплатно,"1, 2",-,-,-,-,-,-,-
субстанция 2024 смотреть онлайн бесплатно вк,-,-,-,-,-,-,-,-
субстанция смотреть онлайн бесплатно в хорошем вк,7,-,-,8,-,-,-,-
фильм субстанция 2024 смотреть онлайн бесплатно вк,-,-,-,-,-,-,-,-
субстанция смотреть онлайн в хорошем качестве вк,6,-,-,7,-,-,-,-
вк видео смотреть без онлайн,1,-,-,-,5,-,-,-
вк видео смотреть онлайн без регистрации,1,-,-,-,3,-,-,-
вк видео смотреть без регистрации бесплатно онлайн,1,-,-,-,2,-,-,-
вк в 1 сезон смотреть онлайн,1,-,-,-,-,-,-,-
ужасающий смотреть онлайн вк,1,-,-,4,-,-,-,-
смотреть онлайн дорамы вк,"1, 2",-,-,9,-,-,-,-
вк видео сериалы смотреть онлайн,"1, 2, 3",-,-,-,-,-,-,-
сериалы 2024 смотреть онлайн вк,"1, 2, 3",-,-,9,-,-,-,-
вк видео смотреть онлайн фильмы,1,-,-,3,-,-,-,-
веном смотреть онлайн вк,1,-,-,2,-,-,-,-
смотреть онлайн последний вк,1,-,-,-,5,-,-,-
ужасающий смотреть онлайн бесплатно вк,1,-,-,-,-,-,-,-
смотреть онлайн мультфильмы вк,"1, 2",-,-,4,8,-,-,-
юфс смотреть онлайн вк,"1, 2",-,-,5,8,-,-,-
вк видео смотреть онлайн бесплатно фильмы,1,-,-,3,-,-,7,-
смотреть трансляции онлайн вк,1,-,-,5,8,-,-,-
ужасающий 3 смотреть онлайн вк,1,-,-,-,-,-,-,-
смотреть онлайн через вк,1,-,-,-,-,-,-,-
русские сериалы вк смотреть онлайн,1,-,-,-,-,-,-,-
вк видео сериалы смотреть онлайн бесплатно,"1, 2, 3",-,-,-,-,-,-,-
вк смотреть кино онлайн,"1, 2, 3",-,-,7,-,-,-,-
фильмы 2023 смотреть онлайн вк,"1, 2",-,-,-,-,-,-,-
сериалы 2024 смотреть онлайн бесплатно вк,"1, 2, 3",-,-,-,-,-,-,-
игра смотреть онлайн вк,6,-,-,-,-,-,-,-
вк сериал 2 сезон смотреть онлайн,1,-,-,5,-,-,-,-
веном 3 смотреть онлайн вк,8,-,-,-,-,-,-,-
аниме смотреть онлайн вк,"1, 2",-,-,-,-,-,-,-
вк смотреть мультфильмы онлайн бесплатно,1,-,-,4,5,-,-,-
прямые трансляции вк онлайн смотреть,1,-,-,6,9,-,-,-
ужасающий 3 смотреть онлайн бесплатно вк,1,-,-,-,-,-,-,-
пацаны смотреть онлайн вк,1,-,-,-,-,-,-,-
юфс 308 смотреть онлайн вк,-,-,-,-,-,-,-,-
ufc вк смотреть онлайн,"1, 2",-,-,-,6,-,-,-
смотреть порно онлайн вк,"1, 2, 3",-,-,-,-,-,-,-
вк видео 2024 смотреть онлайн,"1, 2, 3",-,-,4,5,-,-,-
невский смотреть онлайн вк,9,-,-,-,-,-,-,-
большой смотреть онлайн вк,1,-,-,6,-,-,4,-
веном смотреть онлайн бесплатно вк,1,-,-,4,-,-,-,-
фильм ужасающий вк смотрите онлайн,1,-,-,3,-,-,-,-
вк прямой эфир смотреть онлайн,1,-,-,7,9,-,-,-
слово пацана смотреть онлайн вк,-,-,-,-,-,-,-,-
молодежка смотреть онлайн вк,-,-,-,-,-,-,-,-
фильм онлайн смотреть бесплатно 2023 вк,"1, 2",-,-,8,-,-,6,-
трасса смотреть онлайн вк,-,-,-,-,-,-,-,-
вк турецкие сериалы смотреть онлайн,10,-,-,-,-,-,-,-
дела смотреть вк онлайн,"1, 2",-,-,-,-,-,-,-
ужасающий 2 смотреть онлайн вк,9,-,-,-,-,-,-,-
барселона смотреть онлайн вк,1,-,-,2,-,-,-,-
гарри поттер смотреть онлайн вк,"1, 2",-,-,5,-,-,-,-
смотреть теннис онлайн вк,"1, 2",-,-,-,-,-,-,-
смотреть онлайн 2021 вк,"1, 2",-,-,-,-,-,9,-
дом смотреть онлайн вк,4,-,-,-,-,-,5,-
мира смотреть онлайн вк,8,-,-,-,-,-,-,-
вк онлайн люди смотреть,2,-,-,-,10,-,-,-
онлайн смотреть истории вк,-,-,-,-,-,-,-,-
ужасающий 3 фильм смотреть онлайн вк,1,-,-,-,-,-,-,-
отчаянные домохозяйки смотреть онлайн вк,"1, 2",-,-,3,-,-,-,-
вк кино онлайн смотреть бесплатно,"1, 2, 3",-,-,7,-,-,-,-
вызов смотреть онлайн вк,9,-,-,-,-,-,-,-
реал мадрид смотреть онлайн вк,"1, 2",-,-,-,-,-,-,-
фильм онлайн 2022 вк смотреть,"1, 2",-,-,10,-,-,-,-
фильм ужасающий 3 смотреть онлайн бесплатно вк,1,-,-,-,-,-,-,-
ужасающий 3 фильм 2024 смотреть онлайн вк,1,-,-,-,-,-,-,-
сериалы 2023 смотреть онлайн вк,-,-,-,-,-,-,-,-
жизнь по вызову смотреть онлайн вк,10,-,-,-,-,-,-,-
пацаны смотреть онлайн бесплатно вк,1,-,-,-,-,-,-,-
лихие смотреть онлайн вк,10,-,-,-,-,-,-,-
игра смотреть онлайн бесплатно вк,6,-,-,-,-,-,10,-
веном последний танец смотреть онлайн вк,1,-,-,-,-,-,5,-
монте кристо смотреть онлайн вк,"4, 5",-,-,9,-,-,-,-
лунтик смотреть онлайн вк,9,-,-,-,-,-,-,-
последний богатырь смотреть онлайн вк,9,-,-,-,-,-,-,-
мать смотреть онлайн вк,1,-,-,7,-,-,2,-
граф монте кристо смотреть онлайн вк,"7, 8",-,-,-,-,-,-,-
юфс смотреть онлайн бесплатно вк,"1, 2",-,-,5,6,-,-,-
лунтик возвращение домой смотреть онлайн вк,8,-,-,-,-,-,-,-
дела смотреть онлайн бесплатно вк,"1, 2",-,-,7,-,-,-,-
смотреть новинки онлайн вк,"1, 2, 3",-,-,5,-,-,-,-
отчаянные домохозяйки смотреть онлайн бесплатно вк,"1, 2",-,-,3,-,-,-,-
слово пацана смотреть онлайн бесплатно вк,-,-,-,-,-,-,-,-
игра престолов смотреть онлайн вк,9,-,-,-,-,-,-,-
веном 3 смотреть онлайн бесплатно вк,2,-,-,-,-,-,-,-
вк смотреть онлайн бывшие,-,-,-,-,-,-,-,-
рай под ногами матерей смотреть онлайн вк,9,-,-,-,-,-,10,-
спартак смотреть онлайн вк,1,-,-,7,-,-,6,-
лунтик возвращение домой смотреть онлайн бесплатно вк,8,-,-,-,-,-,-,-
наследие смотреть онлайн вк,-,-,-,-,-,-,-,-
1 1 фильм смотреть онлайн вк,"6, 7",-,-,-,-,-,-,-
молодежка смотреть онлайн бесплатно вк,-,-,-,-,-,-,-,-
трасса смотреть онлайн бесплатно вк,9,-,-,-,-,-,-,-
сумерки смотреть онлайн вк,10,-,-,-,-,-,-,-
граф монте кристо 2024 смотреть онлайн вк,-,-,-,-,-,-,-,-
вызов смотреть онлайн бесплатно вк,7,-,-,10,-,-,9,-
ужасающий 2 смотреть онлайн бесплатно вк,-,-,-,-,-,-,-,-
гарри поттер смотреть онлайн бесплатно вк,"1, 2",-,-,5,-,-,-,-
дикий смотреть онлайн вк,5,-,-,-,-,-,-,-
реал боруссия смотреть онлайн вк,1,-,-,-,-,-,-,-
трасса сериал смотреть онлайн вк,10,-,-,-,-,-,-,-
юфс смотреть онлайн прямой вк,"1, 2",-,-,4,-,-,-,-
смотреть фильмы 2022 онлайн бесплатно вк,"1, 2",-,-,6,-,-,-,-
друзья смотреть онлайн вк,"1, 2",-,-,3,-,-,-,-
жизнь по вызову смотреть онлайн бесплатно вк,10,-,-,-,-,-,-,-
порно вк смотреть онлайн бесплатно,"1, 2",-,-,-,-,-,-,-
извне смотреть онлайн вк,1,-,-,3,-,-,-,-
джентльмены смотреть онлайн вк,8,-,-,9,-,-,-,-
кино вк смотреть онлайн в хорошем,"1, 2, 3",-,-,4,-,-,-,-
вк трансляции онлайн смотреть бесплатно,1,-,-,6,9,-,-,-
сериалы 2023 смотреть онлайн бесплатно вк,"1, 2",-,-,-,-,-,-,-
зимородок смотреть онлайн вк,-,-,-,-,-,-,-,-
турецкие сериалы вк языке смотреть онлайн,"8, 9",-,-,-,-,-,-,-
триггер смотреть онлайн вк,10,-,-,-,-,-,-,-
реал милан смотреть онлайн вк,-,-,-,-,10,-,-,-
жизнь сериал смотреть онлайн вк,9,-,-,-,-,-,-,-
ливерпуль смотреть онлайн вк,"1, 2",-,-,-,-,-,-,-
богатырь наследие смотреть онлайн вк,10,-,-,-,-,-,-,-
звезды вк смотреть онлайн,1,-,-,-,-,-,8,-
молодежка новая смена смотреть онлайн вк,-,-,-,-,-,-,-,-
смотреть вк анонимно онлайн,-,-,-,-,5,-,-,-
вк фильмы 2019 смотреть онлайн,1,-,-,9,-,-,-,-
невский 7 смотреть онлайн вк,-,-,-,-,-,-,-,-
последний богатырь смотреть онлайн бесплатно вк,10,-,-,-,-,-,-,-
последний богатырь наследие смотреть онлайн вк,10,-,-,-,-,-,-,-
чужой смотреть онлайн вк,"1, 2",-,-,3,-,-,-,-
аниме смотреть онлайн бесплатно вк,-,-,-,-,-,-,-,-
невский смотреть онлайн бесплатно вк,-,-,-,-,-,-,-,-
дневники вампира вк смотреть онлайн,1,-,-,2,-,-,-,-
смотреть онлайн время вк,1,-,-,-,6,-,-,-
мстители вк смотреть онлайн,1,-,-,2,-,-,-,-
юфс 308 онлайн бесплатно смотреть вк,-,-,-,-,-,-,-,-
вк мультики смотреть онлайн,"1, 2, 3",-,-,5,-,-,-,-
пацанки вк смотреть онлайн,1,-,-,-,-,-,-,-
вк видео смотреть онлайн фильмы 2024,"1, 2, 3",-,-,8,-,-,-,-
комбинация смотреть онлайн вк,"7, 8",-,-,-,-,-,-,-
смотреть фильмы онлайн через вк,"1, 2",-,-,10,7,-,-,-
юфс смотреть онлайн прямой эфир вк,-,-,-,-,-,-,-,-
новинки кино смотреть онлайн вк,"1, 2, 3",-,-,10,-,-,-,-
ufc смотреть онлайн бесплатно вк,1,-,-,-,-,-,-,-
невский 7 сезон смотреть онлайн вк,-,-,-,-,-,-,-,-
вк трансляции онлайн смотреть бесплатно прямой,1,-,-,7,-,-,-,-
пчеловод смотреть онлайн вк,-,-,-,-,-,-,-,-
вк клипы смотреть онлайн,"1, 2",-,-,4,6,-,-,-
детективы смотреть онлайн вк,"1, 2, 3",-,-,-,-,-,4,-
лихие смотреть онлайн бесплатно вк,8,-,-,-,-,-,-,-
субстанция смотреть онлайн вк видео,7,-,-,8,-,-,-,-
фильмы 2021 смотреть онлайн вк,"1, 2",-,-,9,-,-,-,-
веном последний танец смотреть онлайн бесплатно вк,1,-,-,-,-,-,10,-
мира смотреть онлайн бесплатно вк,7,-,-,-,-,-,10,-
маргарита смотреть онлайн вк,9,-,-,-,-,-,-,-
ходячие мертвецы смотреть онлайн вк,-,-,-,-,-,-,-,-
лихие сериал смотреть онлайн вк,9,-,-,-,-,-,-,-
бавария барселона смотреть онлайн вк,2,-,-,5,-,-,4,-
легенда смотреть онлайн вк,6,-,-,-,-,-,7,-
пингвин смотреть онлайн вк,1,-,-,2,-,-,-,-
сваты смотреть онлайн вк,"9, 10",-,-,-,-,-,-,-
мосгаз смотреть онлайн вк,9,-,-,-,-,-,-,-
игра престолов смотреть онлайн бесплатно вк,-,-,-,-,-,-,-,-
последний богатырь наследие смотреть онлайн бесплатно вк,-,-,-,-,-,-,-,-
наследники смотреть онлайн вк,"9, 10",-,-,-,-,-,-,-
сумерки смотреть онлайн бесплатно вк,"1, 2",-,-,3,-,-,6,-
властелин колец кольца смотреть онлайн вк,1,-,-,-,-,-,-,-
осман смотреть онлайн вк,7,-,-,-,-,-,-,-
секс смотреть онлайн вк,"1, 2",-,-,-,-,-,-,-
снукер смотреть онлайн вк,"1, 2",-,-,-,-,-,-,-
форсаж смотреть онлайн вк,1,-,-,8,-,-,-,-
истории вк смотреть онлайн бесплатно,-,-,-,-,8,-,-,-
начало смотреть онлайн вк,1,-,-,2,-,-,-,-
трасса сериал смотреть онлайн бесплатно вк,9,-,-,-,-,-,-,-
смотреть истории вк анонимно онлайн,-,-,-,-,-,-,-,-
смотреть футбол онлайн вк,"1, 2",-,-,-,-,-,-,-
сверхъестественное смотреть онлайн вк,1,-,-,2,-,-,-,-
граф монте кристо фильм смотреть онлайн вк,"6, 7",-,-,10,-,-,-,-
еретик смотреть онлайн вк,9,-,-,10,-,-,-,-
ужасы смотреть онлайн вк,"1, 2, 3",-,-,6,-,-,8,-
по поводу тенниса смотреть теннис онлайн вк,"1, 2",-,-,9,-,-,-,-
анора смотреть онлайн вк,10,-,-,-,-,-,-,-
комбинация смотреть онлайн бесплатно вк,7,-,-,-,-,-,-,-
вк онлайн смотреть сейчас,1,-,-,8,6,5,-,-
шрек смотреть онлайн вк,"1, 2",-,-,6,-,-,-,-
вверх смотреть онлайн вк,"1, 2",-,-,3,-,-,5,-
триггер смотреть онлайн бесплатно вк,10,-,-,-,-,-,-,-
извне 3 сезон смотреть онлайн вк,1,-,-,6,-,-,-,-
гусар смотреть онлайн вк,6,-,-,-,-,-,-,-
фильмы через вк смотреть онлайн бесплатно,"1, 2, 3",-,-,-,4,-,-,-
теория вк смотреть онлайн,1,-,-,4,-,-,-,-
джентльмены фильм смотреть онлайн вк,9,-,-,10,-,-,-,-
джокер смотреть онлайн вк,1,-,-,2,-,-,-,-
вк фильмы 2019 смотреть онлайн бесплатно,1,-,-,-,-,-,-,-
нхл смотреть онлайн вк,"1, 2, 3",-,-,-,-,-,-,-
мастер смотреть онлайн вк,"7, 8",-,-,-,-,-,10,-
2012 смотреть онлайн вк,"1, 2",-,-,4,-,-,-,-
реал мадрид милан смотреть онлайн вк,3,-,-,7,-,-,1,-
юфс смотреть бесплатно онлайн прямая вк,"1, 2",-,-,3,6,-,10,-
ворон смотреть онлайн вк,8,-,-,9,-,-,10,-
человек паук смотреть онлайн вк,1,-,-,2,-,-,-,-
граф монте кристо смотреть онлайн бесплатно вк,"6, 7",-,-,-,-,-,10,-
веном 3 последний танец смотреть онлайн вк,1,-,-,-,-,-,6,-
зло смотреть онлайн вк,-,-,-,-,-,-,-,-
великолепный вк смотреть онлайн,-,-,-,-,-,-,-,-
жизнь по вызову 3 смотреть онлайн вк,-,-,-,-,-,-,-,-
кстати вк смотреть онлайн,"1, 2",-,-,-,5,-,-,-
дэдпул смотреть онлайн вк,1,-,-,3,-,-,-,-
смотреть реал барселона онлайн вк,1,-,-,4,-,-,-,-
трансформеры смотреть онлайн вк,1,-,-,3,-,-,7,-
вк теория большого взрыва смотреть онлайн,-,-,-,-,-,-,-,-
боруссия реал мадрид смотреть онлайн вк,1,-,-,-,-,-,-,-
мажор смотреть онлайн вк,6,-,-,-,-,-,10,-
после смотреть онлайн вк,10,-,-,-,-,-,-,-
шеф смотреть онлайн вк,"1, 2",-,-,-,-,-,-,-
маме снова 17 смотреть онлайн вк,10,-,-,-,-,-,-,-
праздники смотреть онлайн вк,-,-,-,-,-,-,-,-
другие смотреть онлайн вк,7,-,-,-,-,-,-,-
три богатыря смотреть онлайн вк,-,-,-,-,-,-,-,-
комбинация сериал смотреть онлайн вк,8,-,-,-,-,-,-,-
ростов динамо смотреть онлайн вк,1,-,-,4,-,-,-,-
челси смотреть онлайн вк,"1, 2",-,-,-,-,-,-,-
дюна смотреть онлайн вк,9,-,-,10,-,-,-,-
молодежка новая смена смотреть онлайн бесплатно вк,9,-,-,-,-,-,-,-
пингвин сериал смотреть онлайн вк,1,-,-,2,-,-,-,-
мир дружба жвачка смотреть онлайн вк,6,-,-,10,-,-,-,-
сваты смотреть онлайн бесплатно вк,9,-,-,10,-,-,-,-
отпуск смотреть онлайн вк,5,-,-,-,-,-,-,-
пчеловод фильм смотреть онлайн вк,7,-,-,-,-,-,-,-
джентльмены смотреть онлайн бесплатно вк,9,-,-,10,-,-,-,-
трасса сериал 2024 смотреть онлайн вк,9,-,-,-,-,-,-,-
фильмы 2021 смотреть онлайн бесплатно вк,1,-,-,6,-,-,-,-
наследники дар крови смотреть онлайн вк,7,-,-,-,-,-,-,-
субстанция смотреть онлайн бесплатно вк видео,7,-,-,8,-,-,-,-
вк клипы смотреть онлайн бесплатно,"1, 2, 3",-,-,5,9,-,-,-
дикий робот смотреть онлайн вк,1,-,-,4,-,-,-,-
доктор хаус смотреть онлайн вк,5,-,-,-,-,-,-,-
куб смотреть онлайн вк,1,-,-,5,-,-,4,-
невский сериал смотреть онлайн вк,9,-,-,-,-,-,-,-
хороший человек смотреть онлайн вк,7,-,-,-,-,-,-,-
вк смотреть тв онлайн,1,-,-,3,-,-,-,-
бывшие смотреть онлайн бесплатно вк,-,-,-,-,-,-,-,-
великолепный век смотреть онлайн вк,-,-,-,-,-,-,-,-
ворон 2024 смотреть онлайн вк,-,-,-,-,-,-,-,-
полицейский с рублевки смотреть онлайн вк,8,-,-,-,-,-,-,-
субстанция фильм смотреть онлайн вк видео,-,-,-,-,-,-,-,-
веном 2024 смотреть онлайн вк,"1, 2",-,-,4,-,-,7,-
ужасы смотреть онлайн бесплатно вк,"1, 2, 3",-,-,7,-,-,6,-
лихие сериал смотреть онлайн бесплатно вк,-,-,-,-,-,-,-,-
министерство неджентльменских дел смотреть онлайн вк,7,-,-,-,-,-,-,-
министерство неджентльменских смотреть онлайн вк,-,-,-,-,-,-,-,-
пчеловод смотреть онлайн бесплатно вк,"6, 7",-,-,10,-,-,-,-
великая смотреть онлайн вк,-,-,-,-,-,-,-,-
побег смотреть онлайн вк,"1, 2",-,-,3,-,-,-,-
триггер 3 сезон смотреть онлайн вк,-,-,-,-,-,-,-,-
вк комедии смотреть онлайн,"1, 2",-,-,5,-,-,-,-
мстители смотреть онлайн бесплатно вк,1,-,-,2,-,-,-,-
улыбка смотреть онлайн вк,1,-,-,4,-,-,2,-
натальная карта смотреть онлайн вк,"1, 2",-,-,-,-,-,-,-
фильм смотреть онлайн бесплатно вк видео русские,"1, 2",-,-,3,-,-,-,-
юфс смотреть онлайн прямой эфир бесплатно вк,-,-,-,-,-,-,-,-
джентльмены 2019 смотреть онлайн вк,-,-,-,-,-,-,-,-
невский 1 сезон смотреть онлайн вк,8,-,-,-,-,-,-,-
бригада смотреть онлайн вк,"1, 2",-,-,3,-,-,-,-
мелодрамы в вк смотреть онлайн,"1, 2, 3",-,-,-,-,-,-,-
новинки кино смотреть онлайн бесплатно вк,"1, 2, 3",-,-,6,-,-,-,-
пацанки 9 сезон смотреть онлайн вк,-,-,-,6,-,-,-,-
молодежка новый сезон смотреть онлайн вк,-,-,-,-,-,-,-,-
извне смотреть онлайн бесплатно вк,1,-,-,3,-,-,-,-
каникулы смотреть онлайн вк,1,-,-,8,-,-,5,-
фильм 2020 смотреть онлайн вк,1,-,-,8,-,-,-,-
еретик 2024 смотреть онлайн вк,9,-,-,-,-,-,-,-
снукер онлайн трансляции вк смотреть,"1, 2",-,-,-,-,-,-,-
триггер сериал смотреть онлайн вк,10,-,-,-,-,-,-,-
аватар смотреть онлайн вк,"1, 2",-,-,5,-,-,-,-
время смотреть онлайн бесплатно вк,1,-,-,3,-,-,5,-
парни онлайн смотреть вк,1,-,-,-,-,-,-,6
руки вверх фильм смотреть онлайн вк,-,-,-,-,-,-,-,-
мультики вк смотреть онлайн бесплатно,"1, 2, 3",-,-,6,5,-,-,-
росомаха смотреть онлайн вк,1,-,-,2,-,-,3,-
гладиатор смотреть онлайн вк,1,-,-,2,-,-,6,-
сто лет тому вперед смотреть онлайн вк,9,-,-,-,-,-,-,-
фильмы hd смотреть бесплатно онлайн вк,"1, 2",-,-,6,-,-,-,-
эйфория смотреть онлайн вк,-,-,-,-,-,-,-,-
извне сериал смотреть онлайн вк,1,-,-,4,-,-,-,-
трасса смотреть онлайн бесплатно 2024 вк,-,-,-,-,-,-,-,-
фильм чужая смотреть онлайн вк,-,-,-,-,-,-,-,-
вк плей смотреть онлайн,2,-,-,6,-,-,-,-
жить жизнь смотреть онлайн вк,8,-,-,-,-,-,-,-
счастье вк смотреть онлайн,"1, 2",-,-,-,-,-,6,-
миссия красный смотреть онлайн вк,2,-,-,-,-,-,-,-
18 вк смотреть онлайн,1,-,10,-,5,-,3,-
маме снова 17 фильм смотреть онлайн вк,-,-,-,-,-,-,-,-
порно видео смотреть онлайн вк,"1, 2, 3",-,-,-,-,-,-,-
бойцовский клуб смотреть онлайн вк,9,-,-,10,-,-,-,-
спартак акрон смотреть онлайн вк,3,-,-,1,-,-,-,-
снукер вк смотреть онлайн прямая трансляция сейчас,1,-,-,-,-,-,-,-
джон уик смотреть онлайн вк,-,-,-,-,-,-,-,-
огонь смотреть онлайн вк,10,-,-,-,-,-,-,-
сестры смотреть онлайн вк,-,-,-,-,-,-,-,-
субстанция фильм смотреть онлайн бесплатно вк видео,-,-,-,-,-,-,-,-
интерны смотреть онлайн вк,9,-,-,-,-,-,-,-
комбинация сериал смотреть онлайн бесплатно вк,9,-,-,-,-,-,-,-
онлайн смотреть закрытый вк,8,-,-,9,-,-,-,-
универ смотреть онлайн вк,1,-,-,-,-,-,-,-
мосгаз метроном смотреть онлайн вк,9,-,-,-,-,-,-,-
вк видео смотреть онлайн бесплатно 4,"1, 2",-,-,5,4,-,-,-
душа смотреть онлайн вк,-,-,-,-,-,-,-,-
король смотреть онлайн в вк,1,-,-,2,-,-,3,-
убийца смотреть онлайн вк,1,-,-,4,-,-,3,-
вк пес смотреть онлайн,7,-,-,-,-,-,-,-
зимородок 3 смотреть онлайн вк,7,-,-,-,-,-,-,-
юфс 308 прямой эфир смотреть онлайн вк,-,-,-,-,-,-,-,-
головоломка смотреть онлайн вк,1,-,-,2,-,-,-,-
дэдпул и росомаха смотреть онлайн вк,1,-,-,-,-,-,-,-
кольца власти смотреть онлайн вк,1,-,-,-,-,-,-,-
небо смотреть онлайн вк,-,-,-,-,-,-,-,-
веном 2 смотреть онлайн вк,1,-,-,2,-,-,-,-
зимородок 3 сезон смотреть онлайн вк,10,-,-,-,-,-,-,-
отцы смотреть онлайн вк,"1, 2",-,-,-,-,-,5,-
фильм игра смотреть онлайн вк,1,-,-,-,-,-,2,-
сваты 7 смотреть онлайн вк,-,-,-,-,-,-,-,-
фильм субстанция 2024 смотреть онлайн вк видео,10,-,-,-,-,-,-,-
гусар 2 смотреть онлайн вк,8,-,-,-,-,-,-,-
джентльмены фильм 2019 смотреть онлайн вк,-,-,-,-,-,-,-,-
викинги смотреть онлайн вк,1,-,-,2,-,-,-,-
динамо ростов смотреть онлайн бесплатно вк,-,-,-,-,-,-,-,-
сумерки 1 смотреть онлайн вк,7,-,-,-,-,-,-,-
вк смотреть фильмы онлайн 2014,1,-,-,10,-,-,-,-
еретик фильм смотреть онлайн вк,9,-,-,10,-,-,-,-
слово пацана смотреть онлайн 2 серия вк,-,-,-,-,-,-,-,-
хороший доктор вк смотреть онлайн,1,-,-,2,-,-,-,-
арсенал ливерпуль смотреть онлайн вк,1,-,-,6,-,-,-,-
веном последний танец 2024 смотреть онлайн вк,1,-,-,-,-,-,-,-
мелодрамы в вк смотреть онлайн бесплатно,"1, 2, 3",-,-,-,-,-,-,-
форсаж смотреть онлайн бесплатно в вк,1,-,-,5,-,-,10,-
брат смотреть онлайн вк,8,-,-,9,-,-,-,-
ufc 309 смотреть онлайн вк,1,-,-,-,-,-,4,-
юфс 308 смотреть онлайн бесплатно прямой вк,-,-,-,-,-,-,-,-
юфс 309 смотреть онлайн вк,1,-,-,-,-,-,6,-
вк фильмы 2018 онлайн смотреть,1,-,-,-,-,-,-,-
ходячие мертвецы сериал смотреть онлайн вк,-,-,-,-,-,-,-,-
кино 2024 смотреть онлайн в вк,"1, 2, 3, 4",-,-,-,-,-,-,-
леди баг смотреть онлайн вк,8,-,-,-,-,-,-,-
наследники дар крови смотреть онлайн бесплатно вк,9,-,-,-,-,-,-,-
унесенные призраками смотреть онлайн вк,-,-,-,-,-,-,-,-
во все тяжкие смотреть онлайн вк,1,-,-,2,-,-,-,-
женское дело смотреть онлайн вк,-,-,-,-,-,-,-,-
сверхъестественное смотреть онлайн бесплатно вк,-,-,-,-,-,-,-,-
субстанция смотреть онлайн бесплатно 2024 вк видео,10,-,-,-,-,-,-,-
очень странные дела смотреть онлайн вк,"1, 2",-,-,3,-,-,10,-
пацанки 9 сезон смотреть онлайн бесплатно вк,-,-,-,-,-,-,-,-
смотреть фильмы ужасов онлайн вк,"1, 2, 3",-,-,10,-,-,7,-
ходячие мертвецы смотреть онлайн бесплатно вк,-,-,-,-,-,-,-,-
теннис онлайн смотреть сегодня вк,"1, 2",-,-,-,-,-,-,-
маме снова 17 смотреть онлайн бесплатно вк,-,-,-,-,-,-,-,-
трасса 2 серия смотреть онлайн вк,8,-,-,-,10,-,-,-
король талсы смотреть онлайн вк,1,-,-,7,-,-,-,-
лига чемпионов смотреть онлайн вк,"1, 2",-,-,-,-,-,-,-
чернобыль смотреть онлайн вк,-,-,-,-,-,-,-,-
ведьмы смотреть онлайн вк,1,-,-,3,-,-,-,-
министерство неджентльменских дел смотреть онлайн бесплатно вк,8,-,-,-,-,-,-,-
моя вина смотреть онлайн вк,1,-,-,4,-,-,-,-
новинки кино 2024 смотреть онлайн вк,"1, 2, 3, 4",-,-,10,-,-,-,-
вк видео смотреть онлайн мультфильмы,"1, 2",-,-,3,4,-,-,-
властелин колец смотреть онлайн бесплатно вк,1,-,-,5,-,-,-,-
зона комфорта смотреть онлайн вк,-,-,-,-,-,-,-,-
пчеловод фильм смотреть онлайн бесплатно вк,8,-,-,-,-,-,-,-
склифосовский смотреть онлайн вк,8,-,-,-,-,-,-,-
слово пацана смотреть онлайн все серии вк,-,-,-,-,-,-,-,-
фильмы 2017 смотреть онлайн вк,1,-,-,-,-,-,-,-
а4 смотреть онлайн вк,"1, 2",-,-,4,5,-,3,-
жестокий стамбул смотреть онлайн вк,2,-,-,-,-,-,-,-
моана смотреть онлайн вк,-,-,-,-,-,-,-,-
веном 2024 смотреть онлайн бесплатно вк,1,-,-,4,-,-,9,-
праздники смотреть онлайн бесплатно вк,10,-,-,-,-,-,-,-
шрек смотреть онлайн бесплатно вк,"1, 2",-,-,6,-,-,-,-
сумерки 1 часть смотреть онлайн вк,6,-,-,-,-,-,-,-
тьма смотреть онлайн вк,1,-,-,3,-,-,6,-
бумажный дом смотреть онлайн вк,"1, 2",-,-,3,-,-,9,-
мастер и маргарита смотреть онлайн вк,7,-,-,-,-,-,-,-
молодежка новый сезон 2024 смотреть онлайн вк,-,-,-,-,-,-,-,-
новые фильмы смотреть онлайн вк,"1, 2, 3",-,-,-,-,-,-,-
аркейн вк смотреть онлайн,1,-,-,3,-,-,-,-
майор гром смотреть онлайн вк,8,-,-,-,-,-,-,-
сериал наследники смотреть онлайн вк,"1, 2",-,-,-,-,-,-,-
гладиатор 2 смотреть онлайн вк,3,-,-,2,-,-,6,-
русские фильмы 2023 смотреть онлайн вк,1,-,-,-,-,-,-,-
смотреть вк аниме онлайн все серии,"1, 2",-,-,3,-,-,6,-
шекер смотреть онлайн вк,7,-,-,8,-,-,-,-
джокер 2 смотреть онлайн вк,1,-,-,3,-,-,10,-
смотреть онлайн вк тело,1,-,-,2,-,-,3,-
триггер 3 сезон смотреть онлайн бесплатно вк,-,-,-,-,-,-,-,-
ужасающий 1 смотреть онлайн вк,1,-,-,-,-,-,-,-
ольга смотреть онлайн вк,6,-,-,-,-,-,-,-
пираты карибского моря смотреть онлайн вк,"1, 2",-,-,3,-,-,10,-
смотреть онлайн бесплатно шеф вк,1,-,-,-,-,-,-,-
порно фильмы онлайн смотреть вк,"1, 2",-,-,-,-,-,-,-
праздники сериал смотреть онлайн вк,-,-,-,-,-,-,-,-
беляковы в отпуске смотреть онлайн вк,10,-,-,-,-,-,-,-
гнев смотреть онлайн вк,3,-,-,8,-,-,7,-
джентльмены фильм смотреть онлайн бесплатно вк,-,-,-,-,-,-,-,-
друзья смотреть онлайн бесплатно вк,-,-,-,-,-,-,-,-
женский форум смотреть онлайн вк,"1, 2",-,-,-,-,-,-,-
маргарита сериал смотреть онлайн вк,"7, 8",-,-,-,-,-,-,-
форс мажоры смотреть онлайн вк,1,-,-,-,-,-,-,-
дневники вампира смотреть онлайн бесплатно вк,1,-,-,2,-,-,7,-
йеллоустоун смотреть онлайн вк,"1, 2",-,-,7,-,-,10,-
непослушная смотреть онлайн вк,-,-,-,-,-,-,-,-
дикий ангел смотреть онлайн вк,7,-,-,-,-,-,-,-
дом дракона смотреть онлайн бесплатно вк,10,-,-,-,-,-,-,-
руки вверх фильм смотреть онлайн бесплатно вк,10,-,-,-,-,-,-,-
сериал комитет смотреть онлайн вк,9,-,-,-,-,-,-,-
еретик фильм 2024 смотреть онлайн вк,10,-,-,9,-,-,-,-
невский сериал смотреть онлайн бесплатно вк,9,-,-,-,-,-,-,-
смотреть онлайн в вк тень,1,-,-,4,-,-,2,-
вк видео смотреть онлайн а4,"1, 2",-,-,4,5,-,6,-
головоломка 2 смотреть онлайн вк,1,-,-,-,-,-,-,-
основание смотреть онлайн вк,6,-,-,7,-,-,-,-
стражи галактики смотреть онлайн вк,"1, 2",-,-,4,-,-,9,-
хороший доктор смотреть онлайн бесплатно вк,1,-,-,2,-,-,-,-
битва экстрасенсов смотреть онлайн вк,"1, 2",-,-,3,-,-,-,-
звезды вк смотреть онлайн бесплатно,1,-,-,-,-,-,-,-
король талсы 2 смотреть онлайн вк,1,-,-,6,-,-,-,-
сваты 7 смотреть онлайн бесплатно вк,-,-,-,9,10,-,-,-
трон смотреть онлайн вк,1,-,-,2,-,-,-,-
клюквенный щербет смотреть онлайн вк,-,-,-,-,-,-,-,-
реал боруссия смотреть онлайн бесплатно вк,1,-,-,-,-,-,-,-
сестры смотреть онлайн бесплатно вк,-,-,-,-,-,-,-,-
мосгаз метроном смотреть онлайн бесплатно вк,-,-,-,-,-,-,-,-
все закончится на нас смотреть онлайн вк,1,-,-,2,-,-,-,-
гарри поттер все части смотреть онлайн вк,1,-,-,3,-,-,-,-
пчеловод 2024 смотреть онлайн вк,-,-,-,-,-,-,-,-
21 смотреть онлайн вк,1,-,-,4,-,-,2,-
время фильм смотреть онлайн вк,1,-,-,2,-,-,5,-
дом 2 смотреть онлайн вк,4,-,-,-,-,-,-,-
дэдпул смотреть онлайн бесплатно вк,1,-,-,3,-,-,-,-
крик смотреть онлайн вк,1,-,-,5,-,-,-,-
порно фильмы смотреть онлайн бесплатно вк,"1, 2",-,-,-,-,-,-,-
смотреть тв онлайн бесплатно вк,1,-,-,2,-,-,-,-
голяк смотреть онлайн вк,"1, 2",-,-,5,-,-,-,-
гравити фолз вк смотреть онлайн,-,-,-,-,-,-,-,-
извне 3 сезон смотреть онлайн бесплатно вк,1,-,-,7,-,-,-,-
настоящий детектив смотреть онлайн вк,9,-,-,-,-,-,-,-
триггер сериал смотреть онлайн бесплатно вк,9,-,-,-,-,-,-,-
фильм бойцовский клуб смотреть онлайн вк,"1, 2",-,-,4,-,-,6,-
чикатило смотреть онлайн вк,6,-,-,-,-,-,10,-
вк комедии смотреть онлайн бесплатно,"1, 2",-,-,5,-,-,-,-
молодежка новый сезон смотреть онлайн бесплатно вк,-,-,-,-,-,-,-,-
овчарка сериал смотреть онлайн вк,-,-,-,-,-,-,-,-
битлджус смотреть онлайн вк,1,-,-,4,-,-,3,-
ворон 2024 смотреть онлайн бесплатно вк,-,-,-,-,-,-,-,-
гарри поттер 1 смотреть онлайн вк,1,-,-,5,-,-,-,-
игра престолов смотреть онлайн 1 сезон вк,9,-,-,-,-,-,-,-
карпов вк смотреть онлайн,-,-,-,-,-,-,-,-
реал осасуна смотреть онлайн вк,1,-,-,6,-,-,4,-
ужасающий 2 фильм смотреть онлайн вк,8,-,-,-,-,-,-,-
холоп смотреть онлайн вк,8,-,-,-,-,-,-,-
чужой ромул смотреть онлайн вк,1,-,-,-,-,-,-,-
барселона эспаньол смотреть онлайн вк,1,-,-,2,-,-,-,-
кино 2024 смотреть онлайн бесплатно вк,"1, 2, 3",-,-,-,-,-,-,-
король талсы 2 сезон смотреть онлайн вк,-,-,-,-,-,-,-,-
сеструха смотреть онлайн вк,1,-,-,-,-,-,10,-
вк видео смотреть онлайн мультики,1,-,-,3,2,-,-,-
другие смотреть онлайн бесплатно вк,-,-,-,-,-,-,-,-
острые козырьки смотреть онлайн вк,"1, 2",-,-,3,-,-,-,-
смотреть онлайн вк ютуб,2,-,-,4,5,-,-,9
контакт смотреть онлайн вк,1,-,-,2,-,-,5,-
пассажиры смотреть онлайн вк,-,-,-,-,-,-,-,-
после смотреть онлайн бесплатно вк,10,-,-,-,-,-,-,-
семь смотреть онлайн вк,"1, 2",-,-,6,-,-,4,-
уральские пельмени смотреть онлайн вк,"1, 2",-,-,-,6,-,3,-
фильм большой смотреть онлайн вк,1,-,-,3,-,-,7,-
бойцовский клуб смотреть онлайн бесплатно вк,9,-,-,10,-,-,-,-
гнев человеческий смотреть онлайн вк,8,-,-,-,-,-,-,-
женское дело сериал смотреть онлайн вк,10,-,-,-,-,-,-,-
милые обманщицы смотреть онлайн вк,"1, 2",-,-,-,-,-,-,-
большой потенциал смотреть онлайн вк,1,-,-,2,-,-,-,-
голодные игры смотреть онлайн вк,-,-,-,-,-,-,-,-
мир дружба жвачка смотреть онлайн бесплатно вк,5,-,-,8,-,-,-,-
анора фильм смотреть онлайн вк,-,-,-,7,-,-,-,-
наследники дар крови сериал смотреть онлайн вк,9,-,-,-,-,-,-,-
пацаны 2 сезон смотреть онлайн вк,1,-,-,-,-,-,-,-
трасса сериал 2024 смотреть онлайн бесплатно вк,-,-,-,-,-,-,-,-
ужасы фильмы смотреть онлайн вк бесплатно,"1, 2",-,-,6,-,-,4,-
анора смотреть онлайн бесплатно вк,-,-,-,-,-,-,-,-
вышка смотреть онлайн вк,9,-,-,-,-,-,-,-
ловушка смотреть онлайн вк,1,-,-,6,-,-,-,-
три кота смотреть онлайн вк,"1, 2",-,-,6,9,-,-,-
гадкий я смотреть онлайн вк,1,-,-,2,-,-,-,-
реал дортмунд смотреть онлайн вк,1,-,-,8,-,-,7,-
смотреть онлайн русское порно вк,1,-,-,-,-,-,-,-
сумерки 1 смотреть онлайн бесплатно вк,"9, 10",-,-,-,-,-,-,-
железный человек смотреть онлайн вк,1,-,-,4,-,-,-,-
импроком вк смотреть онлайн,"1, 2, 3",-,-,-,-,-,-,8
охота смотреть онлайн вк,1,-,-,-,7,-,2,-
пчеловод фильм 2024 смотреть онлайн вк,8,-,-,10,-,-,-,-
секс в большом городе смотреть онлайн вк,8,-,-,10,-,-,-,-
фильмы 2020 смотреть онлайн бесплатно вк,1,-,-,5,-,-,-,-
эйфория смотреть онлайн бесплатно вк,8,-,-,-,-,-,-,-
невский 7 сезон смотреть онлайн бесплатно вк,-,-,-,-,-,-,-,-
огниво смотреть онлайн вк,"7, 8",-,-,-,-,-,-,-
барселона црвена звезда смотреть онлайн вк,-,-,-,-,-,-,-,-
бывшие фильм смотреть онлайн вк,-,-,-,-,-,-,-,-
основание осман смотреть онлайн вк,8,-,-,-,-,-,-,-
зимородок 3 сезон смотреть онлайн бесплатно вк,-,-,-,-,-,-,-,-
мама будет против смотреть онлайн вк,7,-,-,-,-,-,-,-
милые обманщицы смотреть онлайн бесплатно вк,1,-,-,-,-,-,-,-
новинки фильмов смотреть онлайн вк,"1, 2, 3",-,-,6,-,-,-,-
пингвин смотреть онлайн бесплатно вк,1,-,-,3,-,-,-,-
смотреть онлайн бесплатно великолепный вк,-,-,-,-,-,-,-,-
фишер смотреть онлайн вк,-,-,-,-,-,-,-,-
чернобыль зона отчуждения смотреть онлайн вк,"8, 9",-,-,-,-,-,-,-
бригада смотреть онлайн все серии вк,1,-,-,3,-,-,-,-
дюна 2 смотреть онлайн вк,10,-,-,-,-,-,-,-
кровь на асфальте смотреть онлайн вк,8,-,-,-,-,-,-,-
трудная смотреть онлайн вк,-,-,-,-,-,-,-,-
гримм смотреть онлайн вк,"1, 2",-,-,10,-,-,-,-
домашний смотреть онлайн в вк,1,-,-,-,-,-,-,-
люцифер смотреть онлайн вк,"1, 2",-,-,3,-,-,5,-
руки вверх фильм 2024 смотреть онлайн вк,9,-,-,-,-,-,-,-
2012 фильм смотреть онлайн вк,"1, 2",-,-,3,-,-,-,-
сумерки 1 часть смотреть онлайн бесплатно вк,7,-,-,-,-,-,-,-
1 дома смотреть онлайн вк,1,-,-,5,-,-,6,-
бременские музыканты смотреть онлайн вк,7,-,-,10,-,-,-,-
волчонок смотреть онлайн вк,1,-,-,2,-,-,-,-
комитет смотреть онлайн в вк,10,-,-,-,-,-,-,-
спартак акрон смотреть онлайн бесплатно вк,5,-,-,2,-,-,-,-
формула 1 смотреть онлайн вк,"1, 2",-,-,7,-,-,-,-
волк с уолл стрит смотреть онлайн вк,6,-,-,7,-,-,-,-
достать ножи смотреть онлайн вк,7,-,-,8,-,-,-,-
зимородок смотреть онлайн бесплатно в вк,9,-,-,-,-,-,-,-
отмель смотреть онлайн вк,1,-,-,3,-,-,2,-
пес смотреть онлайн бесплатно вк,7,-,-,-,-,-,-,-
рутуб смотреть онлайн бесплатно вк,1,-,-,2,3,-,-,-
смотреть вк анонимно онлайн бесплатно,-,-,-,-,-,-,-,-
шерлок смотреть онлайн вк,"1, 2",-,-,4,-,-,-,-
жить жизнь смотреть онлайн бесплатно вк,10,-,-,-,-,-,-,-
как приручить дракона смотреть онлайн вк,1,-,-,2,-,-,7,-
триггер 3 смотреть онлайн бесплатно в вк,10,-,-,-,-,-,-,-
хоббит смотреть онлайн вк,1,-,-,3,-,-,-,-
еретик смотреть онлайн бесплатно вк,8,-,-,9,-,-,-,-
жестокий стамбул смотреть онлайн бесплатно вк,-,-,-,-,-,-,-,-
клинок рассекающий демонов смотреть онлайн вк,"1, 2",-,-,9,-,-,-,-
комбинация смотреть онлайн бесплатно 2024 вк,10,-,-,-,-,-,-,-
русские 5 серия смотреть онлайн вк,1,-,-,6,-,-,-,-
ливерпуль байер смотреть онлайн вк,3,-,-,4,-,-,-,-
реал милан смотреть онлайн бесплатно вк,-,-,-,-,10,-,-,-
большое переселение смотреть онлайн вк,1,-,-,-,-,-,-,-
джентльмены 2019 смотреть онлайн бесплатно вк,-,-,-,-,-,-,-,-
мимимишки смотреть онлайн вк,-,-,-,-,-,-,-,-
противостояние сериал смотреть онлайн вк,10,-,-,-,-,-,-,-
шекер смотреть онлайн бесплатно вк,10,-,-,-,-,-,-,-
бригада смотреть онлайн бесплатно вк,1,-,-,2,-,-,-,-
гравити фолз смотреть онлайн бесплатно вк,-,-,-,-,-,-,-,-
декстер смотреть онлайн вк,8,-,-,-,-,-,-,-
ричер смотреть онлайн вк,5,-,-,-,-,-,6,-
сериал зона смотреть онлайн вк,1,-,-,7,-,-,3,-
ходячий замок смотреть онлайн вк,-,-,-,-,-,-,-,-
юфс прямая трансляция смотреть онлайн вк,"1, 2",-,-,8,5,-,-,-
бойцовский клуб фильм смотреть онлайн бесплатно вк,1,-,-,3,-,-,5,-
бывшие сериал смотреть онлайн вк,-,-,-,-,-,-,-,-
красный фильм 2024 смотреть онлайн вк,3,-,-,-,-,-,-,-
гарри поттер 1 часть смотреть онлайн вк,1,-,-,4,-,-,-,-
лейла смотреть онлайн вк,6,-,-,-,-,-,-,-
маргарита сериал 2024 смотреть онлайн вк,7,-,-,-,-,-,-,-
миссия красный фильм смотреть онлайн вк,2,-,-,-,-,-,-,-
никто смотреть онлайн вк,1,-,-,3,-,-,8,-
реал мадрид барселона смотреть онлайн вк,1,-,-,2,-,-,-,-
сериал друзья смотреть онлайн вк,-,-,-,-,-,-,-,-
слово пацана 2 сезон смотреть онлайн вк,-,-,-,-,-,-,-,-
аль хиляль аль наср смотреть онлайн вк,10,-,-,-,-,-,-,-
женщина в вк смотреть онлайн бесплатно,"1, 2",-,-,-,-,-,-,-
дюна смотреть онлайн бесплатное вк,-,-,-,-,-,-,-,-
женское дело смотреть онлайн бесплатно вк,-,-,-,-,-,-,-,-
комбинация сериал 2024 смотреть онлайн вк,9,-,-,-,-,-,-,-
мадагаскар смотреть онлайн вк,"1, 2",-,-,-,-,-,7,-
лихие сериал 2024 смотреть онлайн вк,-,-,-,-,-,-,-,-
пацаны сериал смотреть онлайн вк,1,-,-,-,-,-,-,-
противостояние сериал 2024 смотреть онлайн вк,-,-,-,-,-,-,-,-
аватар смотреть онлайн бесплатно вк,"1, 2",-,-,4,-,-,-,-
ведьмак смотреть онлайн в вк,-,-,-,-,-,-,-,-
головоломка смотреть онлайн бесплатно вк,1,-,-,3,-,-,-,-
зло сериал смотреть онлайн вк,-,-,-,-,-,-,-,-
хищные земли смотреть онлайн вк,1,-,-,-,-,-,9,-
дикий робот смотреть онлайн бесплатно вк,1,-,-,4,-,-,-,-
крестный отец смотреть онлайн вк,"1, 2",-,-,4,-,-,8,-
майор гром смотреть онлайн бесплатно вк,8,-,-,-,-,-,-,-
молодежка 7 сезон смотреть онлайн вк,-,-,-,-,-,-,-,-
мосгаз сериал смотреть онлайн вк,-,-,-,-,-,-,-,-
остаться в живых смотреть онлайн вк,-,-,-,-,-,-,-,-
пила смотреть онлайн вк,-,-,-,-,-,-,-,-
титаны смотреть онлайн вк,"1, 2",-,-,5,-,-,-,-
джентльмены фильм 2019 смотреть онлайн бесплатно вк,-,-,-,-,-,-,-,-
министерство неджентельменских дел смотреть онлайн вк,10,-,-,-,-,-,-,-
праздники сериал смотреть онлайн бесплатно вк,-,-,-,-,-,-,-,-
тачки смотреть онлайн вк,"1, 2",-,-,3,-,-,-,-
универ смотреть онлайн бесплатно вк,1,-,-,-,-,-,-,-
хрустальный смотреть онлайн вк,1,-,-,-,-,-,-,-
дэдпул и росомаха смотреть онлайн бесплатно вк,1,-,-,-,-,-,-,-
закрытая школа смотреть онлайн вк,-,-,-,-,-,-,-,-
клюквенный щербет смотреть онлайн бесплатно вк,-,-,-,-,-,-,-,-
миссия красный смотреть онлайн бесплатно вк,7,-,-,-,-,-,-,-
пингвин сериал смотреть онлайн бесплатно вк,1,-,-,2,-,-,-,-
русские 6 серия смотреть онлайн вк,1,-,-,-,-,-,3,-
сериалы 2020 смотреть онлайн в вк,1,-,-,-,-,-,-,-
сеструха сериал смотреть онлайн вк,1,-,-,-,-,-,-,-
смотреть онлайн мстители война вк,"1, 2",-,-,5,-,-,-,-
трансформеры начало смотреть онлайн вк,1,-,-,2,-,-,-,-
ужасающий 1 смотреть онлайн бесплатно вк,1,-,-,-,-,-,-,-
ufc смотреть онлайн прямая трансляция вк,"1, 2",-,-,-,-,-,-,-
бесконечность смотреть онлайн вк,8,-,-,10,-,-,9,-
бриджертоны смотреть онлайн вк,1,-,-,2,-,-,7,-
гримм смотреть онлайн бесплатно вк,"1, 2",-,-,4,-,-,10,-
мультфильмы 2022 смотреть онлайн вк,1,-,-,4,-,-,-,-
отчаянные домохозяйки смотреть онлайн 2 сезон вк,1,-,-,2,-,-,-,-
патруль смотреть онлайн вк,1,-,-,-,-,-,4,-
реал боруссия дортмунд смотреть онлайн вк,2,-,-,-,-,-,5,-
смотреть чебурашку онлайн вк,7,-,-,10,-,-,-,-
царство смотреть онлайн вк,1,-,-,2,-,-,-,-
гнев человеческий фильм смотреть онлайн вк,9,-,-,-,-,-,-,-
извне сериал смотреть онлайн бесплатно вк,1,-,-,4,-,-,-,-
новичок смотреть онлайн вк,-,-,-,-,-,-,-,-
вк музыка смотреть онлайн бесплатно,"1, 2",-,-,7,3,-,-,4
невский смотреть онлайн вк видео,"9, 10",-,-,-,-,-,-,-
веном смотреть онлайн вк видео,1,-,-,2,-,-,-,-
наследники сериал смотреть онлайн бесплатно вк,-,-,-,-,-,-,-,-
россия 24 онлайн смотреть вк,-,-,-,-,-,-,-,-
вечные смотреть онлайн вк,1,-,-,-,-,-,6,-
гадкий я смотреть онлайн бесплатно вк,10,-,-,-,-,-,-,-
гусар сериал смотреть онлайн вк,10,-,-,-,-,-,-,-
жить жизнь 2 смотреть онлайн вк,-,-,-,-,-,-,-,-
реал барса смотреть онлайн вк,1,-,-,6,-,-,-,-
соник смотреть онлайн вк,"1, 2",-,-,4,-,-,-,-
триггер 3 сезон сериал смотреть онлайн вк,-,-,-,-,-,-,-,-
шрек 2 смотреть онлайн вк,8,-,-,10,-,-,-,-
гладиатор смотреть онлайн бесплатно вк,1,-,-,2,-,-,7,-
доктор хаус смотреть онлайн бесплатно вк,-,-,-,-,-,-,-,-
краснодар оренбург смотреть онлайн вк,1,-,-,3,-,-,-,-
невский близкий враг смотреть онлайн вк,-,-,-,-,-,-,-,-
осман сериал смотреть онлайн вк,8,-,-,-,-,-,-,-
первый мститель смотреть онлайн вк,1,-,-,2,-,-,5,-
веном 2 смотреть онлайн бесплатно вк,1,-,-,2,-,-,-,-
джокер безумие на двоих смотреть онлайн вк,1,-,-,2,-,-,-,-
дикий робот мультфильм смотреть онлайн вк,1,-,-,3,-,-,-,-
еретик фильм смотреть онлайн бесплатно вк,9,-,-,10,-,-,-,-
игра сериал смотреть онлайн вк,2,-,-,-,-,-,3,-
россия 24 прямой эфир смотреть онлайн вк,-,-,-,-,-,-,-,-
смотреть онлайн бесплатно секс вк,"1, 2",-,-,-,-,-,-,-
тест на беременность смотреть онлайн вк,1,-,-,-,-,-,2,-
веном 1 смотреть онлайн вк,1,-,-,2,-,-,-,-
жуки смотреть онлайн вк,10,-,-,-,-,-,-,-
зона комфорта смотреть онлайн бесплатно вк,9,-,-,-,-,-,-,-
интер арсенал смотреть онлайн вк,8,-,-,-,-,-,-,-
конец света смотреть онлайн вк,1,-,-,-,-,-,-,-
отпуск смотреть онлайн бесплатно в вк,6,-,-,-,-,-,-,-
отчий берег смотреть онлайн вк,-,-,-,-,-,-,-,-
руки вверх смотреть онлайн в вк,"8, 9",-,-,-,-,-,-,-
след смотреть онлайн вк,-,-,-,-,-,-,-,-
великолепный век смотреть онлайн бесплатно вк,-,-,-,-,-,-,-,-
время жить смотреть онлайн вк,8,-,-,-,-,-,-,-
джек ричер смотреть онлайн вк,"1, 2",-,-,3,-,-,8,-
метод смотреть онлайн вк,8,-,-,-,-,-,-,-
порно видео вк смотреть онлайн бесплатно,"1, 2, 3",-,-,-,-,-,-,-
почему женщины убивают смотреть онлайн вк,9,-,-,-,-,-,-,-
против всех смотреть онлайн вк,-,-,-,-,-,-,-,-
слово пацана 1 смотреть онлайн вк,10,-,-,-,-,-,-,-
смотреть профиль вк онлайн,-,-,-,9,-,-,-,-
улыбка 2 смотреть онлайн вк,1,-,-,2,-,-,7,-
баскетбол смотреть онлайн вк,"1, 2",-,-,5,-,-,-,-
бременские музыканты фильм смотреть онлайн вк,8,-,-,-,-,-,-,-
властелин колец 1 смотреть онлайн вк,1,-,-,3,-,-,-,-
гусар 2 сезон смотреть онлайн вк,3,-,-,-,-,-,-,-
дневники вампира смотреть онлайн вк 3 сезон,1,-,-,3,-,-,-,-
мастер и маргарита 2024 смотреть онлайн вк,8,-,-,-,-,-,-,-
пацанки 2024 смотреть онлайн вк,1,-,-,-,-,-,-,-
слово пацана смотреть онлайн вк видео,-,-,-,-,-,-,-,-
дом дракона смотреть онлайн в вк,9,-,-,-,-,-,-,-
ловушка фильм смотреть онлайн вк,1,-,-,3,-,-,-,-
vk смотреть онлайн,1,-,-,-,3,-,-,-
смотреть онлайн бесплатно vk,1,-,-,-,3,-,-,-
vk видео смотреть онлайн,"1, 2",-,-,-,3,-,-,-
vk видео смотреть онлайн бесплатно,1,-,-,-,2,-,-,-
vk смотреть фильмы онлайн,"1, 2",-,-,5,-,-,-,-
смотреть сериалы онлайн vk,"1, 2",-,-,-,-,-,-,-
vk сериалы смотреть онлайн бесплатно,"1, 2",-,-,-,-,-,-,-
vk фильмы онлайн смотреть бесплатно,"1, 2, 3",-,-,8,-,-,-,-
vk смотреть онлайн бесплатно без регистрации,1,-,-,-,3,-,-,-
vk видео смотреть онлайн без регистрации,1,-,-,-,2,-,-,-
vk видео смотреть онлайн бесплатно без регистрации,"1, 2",-,-,-,3,-,-,-
vk видео смотреть фильмы онлайн,"1, 2",-,-,5,-,-,-,-
1 1 смотреть онлайн vk,"1, 2",-,-,7,-,-,6,-
смотреть онлайн vk com,1,-,-,-,3,-,-,9
vk видео смотреть онлайн бесплатно фильмы,1,-,-,3,-,-,-,-
смотреть онлайн на русском vk,1,-,-,-,8,-,-,-
vk видео смотреть онлайн бесплатно сериал,"1, 2",-,-,10,-,-,-,-
vk com смотреть онлайн бесплатно,1,-,-,-,3,-,-,-
русский сериал смотреть онлайн vk,"1, 2",-,-,-,-,-,-,-
vk video смотреть онлайн бесплатно,1,-,-,-,2,-,-,-
фильмы 2024 смотреть онлайн vk,"1, 2",-,-,9,-,-,-,-
vk ufc смотреть онлайн,1,-,-,2,9,-,-,-
смотреть https vk com онлайн,"1, 2",-,-,-,6,5,4,-
vk com видео онлайн смотреть,1,-,-,-,2,-,-,-
фильмы 2024 смотреть онлайн бесплатно vk,"1, 2, 3",-,-,-,-,-,-,-
аниме смотреть онлайн m vk com,"1, 2",-,-,4,-,-,-,-
vk видео смотреть онлайн бесплатно вконтакте,"1, 2",-,-,-,4,-,-,-
турецкие сериалы смотреть на vk онлайн,"1, 2",-,-,-,-,-,7,-
субстанция смотреть онлайн vk,8,-,-,9,-,-,-,-
ufc 308 смотреть онлайн vk,-,-,-,-,-,-,-,-
смотреть порно онлайн vk,"1, 2, 3",-,-,-,-,-,-,-
мультфильм смотреть онлайн vk,"1, 2",-,-,5,9,-,-,-
меню смотреть онлайн vk,1,-,-,4,-,-,5,-
субстанция фильм смотреть онлайн vk,-,-,-,-,-,-,-,-
vk смотреть онлайн трансляции,1,-,-,5,6,-,-,-
мира смотреть онлайн vk,9,-,-,-,-,-,-,-
смотреть ufc онлайн бесплатно vk,1,-,-,3,10,-,-,-
vk теннис смотреть онлайн,"1, 2",-,-,-,-,-,-,-
игра смотреть онлайн vk,5,-,-,-,-,-,8,-
сериалы 2022 смотреть онлайн vk,1,-,-,-,-,-,-,-
фильмы 2023 смотреть онлайн vk,"1, 2",-,-,-,-,-,-,-
смотреть онлайн кино vk,"1, 2",-,-,5,-,-,-,-
пацаны смотреть онлайн vk,1,-,-,-,-,-,-,-
субстанция 2024 смотреть онлайн vk,-,-,-,-,-,-,-,-
слово пацана смотреть онлайн vk,10,-,-,-,-,-,-,-
ufc 308 смотреть онлайн бесплатно vk,-,-,-,-,-,-,-,-
субстанция смотреть онлайн бесплатно vk,9,-,-,10,-,-,-,-
vk клипы смотреть онлайн,"1, 2, 3",-,-,6,9,-,-,-
смотреть онлайн hd в vk,"1, 2, 3",-,-,7,-,-,-,-
смотреть фильмы онлайн vk com,"1, 2",-,-,7,-,-,-,-
рутуб смотреть онлайн,3,-,-,"1, 2",5,9,-,10
рутуб смотреть онлайн бесплатно,3,-,-,"1, 2",5,-,-,-
рутуб смотреть онлайн бесплатно в хорошем,3,-,-,"1, 2",5,-,-,-
рутуб смотреть онлайн в хорошем качестве,3,-,-,"1, 2",5,10,-,-
рутуб смотреть бесплатно онлайн в хорошем качестве,3,-,-,"1, 2",5,-,-,-
рутуб фильмы смотреть онлайн,3,-,-,"1, 2",4,-,-,-
рутуб смотреть онлайн сериалы,4,-,-,"1, 2",9,-,-,-
рутуб смотреть фильмы онлайн бесплатно,3,-,-,"1, 2",4,-,-,-
рутуб смотреть без регистрации онлайн,3,-,-,"1, 2",4,-,-,-
рутуб смотреть без регистрации бесплатно онлайн,3,-,-,"1, 2",4,-,-,-
рутуб смотреть фильмы онлайн бесплатно в хорошем,3,-,-,"1, 2",-,-,-,-
сериалы смотреть онлайн лучшие рутубе,6,-,-,"1, 2",10,-,-,-
1 1 смотреть онлайн рутуб,4,-,-,1,-,-,-,-
рутуб смотреть без регистрации на русском онлайн,3,-,-,"1, 2",4,-,-,-
смотреть рутуб онлайн без рекламы,3,-,-,"1, 2",6,-,-,-
смотреть сериалы на рутубе онлайн бесплатно,7,-,-,"1, 2",6,-,-,-
звезды смотреть онлайн рутуб,7,-,-,1,-,-,-,-
звезды в джунглях смотреть онлайн рутуб,10,-,-,"1, 2, 3",-,-,-,-
рутубе смотреть онлайн русские фильмы,2,-,-,1,4,-,-,-
рутуб мультфильмы смотреть онлайн,-,-,-,"1, 2, 3",4,-,9,-
рутуб фильмы 2024 смотреть онлайн,-,-,-,"1, 2, 3",-,-,-,-
рутуб смотреть онлайн прямой,4,-,-,"1, 2",6,9,-,-
рутуб смотреть онлайн прямой эфир,4,-,-,"1, 2",5,-,-,-
манюня смотреть онлайн рутубе,-,-,-,"9, 10",-,-,-,-
манюня смотреть онлайн бесплатно рутуб,-,-,-,6,-,-,-,-
отчаянные домохозяйки смотреть онлайн рутуб,4,-,-,"1, 2, 3",-,-,-,-
манюня сериал смотреть онлайн бесплатно рутубе,-,-,-,9,-,-,-,-
субстанция смотреть онлайн рутуб,-,-,-,10,-,-,-,-
рутуб экстрасенсы смотреть онлайн,9,-,-,"1, 2, 3, 4",-,-,-,-
смотреть фильмы онлайн бесплатно русские на рутубе,2,-,-,1,3,-,-,-
сериалы русские смотреть онлайн рутубе,8,-,-,"1, 2",-,-,-,-
фильмы 2024 смотреть онлайн бесплатно рутуб,-,-,-,"1, 2, 3",-,-,-,-
рутуб смотреть мультфильмы онлайн бесплатно,-,-,-,"1, 2, 3",4,-,6,-
рутуб онлайн смотреть бесплатно прямой,4,-,-,"1, 2",6,-,-,-
рутуб смотреть онлайн прямой эфир бесплатно,6,-,-,"1, 2, 3",5,-,-,-
звезды в джунглях смотреть онлайн 2024 рутуб,-,-,-,"1, 2",-,-,-,-
рутуб смотреть фильмы онлайн бесплатно 2023,4,-,-,"1, 2, 3",-,-,-,-
рутуб смотреть фильмы онлайн бесплатно без регистрации,4,-,-,"1, 2",5,-,-,-
коте смотреть онлайн рутуб,8,-,-,"1, 2, 3",4,-,-,-
канал рутуб смотреть онлайн,2,-,-,1,3,9,-,-
мужское женское смотреть онлайн рутуб,-,-,-,1,10,-,-,-
экстрасенсы смотреть онлайн бесплатно рутуб,4,-,-,"1, 2, 3",-,-,-,-
отчаянные домохозяйки смотреть онлайн бесплатно рутуб,3,-,-,"1, 2",-,-,-,-
экстрасенсы реванш смотреть онлайн рутуб,-,-,-,"1, 2, 3",-,-,-,-
рутуб кино смотреть онлайн,3,-,-,"1, 2",4,-,-,-
рутуб смотреть онлайн прямой эфир сейчас,4,-,-,"1, 2",5,-,-,-
звезды в джунглях смотреть онлайн бесплатно рутуб,-,-,-,"1, 2",-,-,-,-
невский смотреть онлайн рутуб,-,-,-,8,-,-,-,-
ходячие мертвецы смотреть онлайн рутуб,4,-,-,"1, 2, 3",-,-,-,-
битва экстрасенсов смотреть онлайн рутуб,4,-,-,"1, 2, 3",-,-,-,-
слово пацана 2 сезон смотреть онлайн рутуб,-,-,-,-,-,-,-,-
трудные подростки смотреть онлайн бесплатно рутуб,-,-,-,6,-,-,-,-
холодное сердце смотреть онлайн рутуб,5,-,-,"1, 2",-,-,-,-
черная любовь смотреть онлайн бесплатно рутубе,-,-,-,-,-,-,-,-
50 оттенков серого смотреть онлайн бесплатно рутуб,4,-,-,1,-,-,-,-
давай поженимся смотреть онлайн бесплатно рутуб,3,-,-,1,4,-,-,-
офис смотреть онлайн рутуб,-,-,-,"1, 2",-,-,-,-
рутуб 5 канал смотреть онлайн,-,-,-,"1, 2",-,-,-,-
рутуб смотреть онлайн фильм ужасы,3,-,-,"1, 2",-,-,5,-
сплетница смотреть онлайн бесплатно рутуб,-,-,-,"1, 2",-,-,-,-
супер ниндзя 3 сезон смотреть онлайн рутуб,-,-,-,-,-,-,-,-
унесенные призраками смотреть онлайн бесплатно рутуб,-,-,-,-,-,-,-,-
бумажный дом сериал смотреть онлайн рутубе,3,-,-,"1, 2",-,-,5,-
головоломка 2 смотреть онлайн бесплатно рутуб,2,-,-,-,-,-,-,-
лиса сериал смотреть онлайн рутуб,-,-,-,10,-,-,-,-
мандалорец рутуб смотреть онлайн бесплатно,-,-,-,-,-,-,-,-
министерство неджентльменских дел смотреть онлайн рутуб,-,-,-,7,-,-,-,-
отчаянные домохозяйки смотреть онлайн рутуб 8 сезон,3,-,-,"1, 2",-,-,-,-
рутуб детский смотреть онлайн бесплатно,9,-,-,"1, 2, 3",4,-,8,-
сквозь снег сериал смотреть онлайн рутуб,-,-,-,-,-,-,-,-
большое переселение шоу смотреть онлайн рутуб,-,-,-,"1, 2",-,-,-,-
йеллоустоун сериал смотреть онлайн бесплатно рутуб,5,-,-,"1, 2",-,-,4,-
как приручить дракона 1 смотреть онлайн рутуб,4,-,-,1,-,-,5,-
настоящий детектив сериал смотреть онлайн рутуб,-,-,-,-,-,-,-,-
по щучьему велению смотреть онлайн рутуб,-,-,-,"8, 9",-,-,-,-
экстрасенсы 21 смотреть онлайн бесплатно рутуб,4,-,-,"1, 2",-,-,-,-
жыыызнь смотреть онлайн рутуб,-,-,-,"8, 9",-,-,-,-
никто смотреть онлайн рутуб,4,-,-,1,-,-,-,-
осд смотреть онлайн рутуб,-,-,-,"1, 2, 3",-,-,-,-
пацанки 9 смотреть онлайн бесплатно рутуб,3,-,-,1,-,-,-,-
семейка крудс смотреть онлайн рутуб,3,-,-,1,-,-,7,-
синяя тюрьма аниме смотреть онлайн бесплатно рутубе,-,-,-,9,-,-,-,-
дэрил диксон смотреть онлайн рутуб,-,-,-,-,-,-,-,-
железный человек смотреть онлайн рутуб,4,-,-,"1, 2, 3",-,-,-,-
онлайн смотреть россия 24 рутубе,-,-,-,-,-,-,-,-
последний богатырь 1 смотреть онлайн рутуб,-,-,-,-,-,-,-,-
рутуб смотреть онлайн настя,-,-,-,"1, 2",3,-,5,-
рутуб смотреть сериал след 2024 онлайн,-,-,-,-,-,-,-,-
шрек 2 смотреть онлайн бесплатно рутуб,-,-,-,-,-,-,-,-
вызов смотреть онлайн 2024 рутуб,-,-,-,-,-,-,-,-
доктор в кризисе дорама смотреть онлайн рутубе,5,-,-,"1, 2",-,-,-,-
клюквенный щербет 3 сезон смотреть онлайн рутубе,-,-,-,8,9,-,-,-
корабль смотреть онлайн рутуб,4,-,-,1,-,-,-,-
реальные пацаны смотреть онлайн бесплатно рутуб,-,-,-,-,-,-,-,-
рутуб смотреть онлайн бесплатно рассказы,3,-,-,1,-,-,4,-
смотреть в рутубе охоты онлайн,4,-,-,"1, 2",3,-,-,-
спанч боб смотреть онлайн рутуб,-,-,-,-,-,-,-,-
титаник смотреть онлайн рутуб,-,-,-,"1, 2, 3",-,-,5,-
чужой ромул смотреть онлайн бесплатно рутубе,9,-,-,-,-,-,-,-
бойцовский клуб фильм смотреть онлайн бесплатно рутуб,4,-,-,"1, 2",-,-,7,-
внешние отмели смотреть онлайн рутуб,3,-,-,1,-,-,7,-
губка боб смотреть онлайн рутуб,-,-,-,-,-,-,-,-
отчаянные домохозяйки рутуб все серии смотреть онлайн,3,-,-,"1, 2",-,-,-,-
рутуб смотреть онлайн политика,6,-,-,"1, 2, 3, 4",7,-,10,-
смотреть онлайн бесплатно женское дело рутубе,-,-,-,-,-,-,-,-
смотреть фильмы онлайн бесплатно через рутуб,4,-,-,"1, 2, 3",5,-,-,-
боевики смотреть на рутубе онлайн бесплатно,2,-,-,1,-,-,10,-
вечные фильм смотреть онлайн рутуб,-,-,-,3,-,-,-,-
во все тяжкие сериал смотреть онлайн рутуб,10,-,-,"1, 2, 3",-,-,-,-
джентльмены 2019 смотреть онлайн рутуб,-,-,-,10,-,-,-,-
пассажиры смотреть онлайн рутуб,-,-,-,-,-,-,-,-
пацаны смотреть онлайн рутуб сериал бесплатно,4,-,-,1,-,-,-,-
смотреть онлайн без меня рутубе бесплатно,3,-,-,1,6,-,2,-
телохранители смотреть онлайн рутуб,-,-,-,9,-,-,-,-
энканто смотреть онлайн рутубе,3,-,-,"1, 2",-,-,-,-
зверополис смотреть онлайн рутуб,-,-,-,"1, 2",-,-,-,-
мое прекрасное несчастье смотреть онлайн рутуб,-,-,-,8,-,-,-,-
смотреть фильмы онлайн лордфильм бесплатно рутубе,-,-,-,6,-,-,-,-
ходячий замок смотреть онлайн рутуб,-,-,-,5,9,-,-,-
ведьмина служба доставки смотреть онлайн рутуб,-,-,-,-,-,-,-,-
веном 1 смотреть онлайн рутуб,8,-,-,"1, 2",-,-,-,-
дом 2 на рутубе смотреть бесплатно онлайн,-,-,-,10,-,-,-,-
менталист сериал смотреть онлайн рутуб,-,-,-,"1, 2",-,-,-,-
свинка пеппа смотреть онлайн рутуб,5,-,-,"1, 2",7,-,8,-
слепая смотреть онлайн рутуб,-,-,-,8,-,-,-,-
тьма смотреть онлайн бесплатно рутуб,8,-,-,"1, 2, 3",-,-,5,-
убить волка дорама смотреть онлайн бесплатно рутубе,3,-,-,1,-,-,5,-
выжить в джунглях смотреть онлайн рутуб,-,-,-,1,-,-,-,-
два холма смотреть онлайн рутуб,-,-,-,8,-,-,-,-
как приручить дракона 3 смотреть онлайн рутуб,3,-,-,1,-,-,6,-
милые обманщицы сериал смотреть онлайн рутуб,-,-,-,-,-,-,-,-
пацанки 9 сезон смотреть онлайн бесплатно рутуб,2,-,-,1,-,-,-,-
признания убийцы нетфликс смотреть онлайн рутубе,4,-,-,"1, 2",-,-,6,-
рутуб смотреть онлайн бесплатно новости сегодня,4,-,-,"1, 2, 3",7,-,-,-
сериал зло смотреть онлайн рутуб,-,-,-,-,-,-,-,-
симпсоны смотреть онлайн рутуб,1,-,-,-,-,-,-,-
супермен и лоис смотреть онлайн рутуб,-,-,-,2,-,-,-,-
универ новая общага смотреть онлайн бесплатно рутуб,-,-,-,9,-,-,-,-
гусар 2 сезон сериал смотреть онлайн рутуб,-,-,-,-,-,-,-,-
извне 3 сезон смотреть онлайн бесплатно рутубе,6,-,-,"1, 2",-,-,-,-
клюквенный щербет смотреть онлайн бесплатно на рутубе,-,-,-,9,-,-,-,-
люцифер смотреть онлайн рутуб,8,-,-,"1, 2, 3",-,-,-,-
метод сериал смотреть бесплатно онлайн рутубе,-,-,-,-,-,-,-,-
мультики для детей смотреть онлайн бесплатно рутуб,5,-,-,"1, 2, 3",4,-,6,-
ольга смотреть онлайн бесплатно рутуб,7,-,-,6,-,-,-,-
рыбалка рутуб смотреть онлайн,5,-,-,"1, 2, 3",4,-,-,-
слово пацана сериал смотреть онлайн рутуб,-,-,-,-,-,-,-,-
смотреть онлайн мужское женское рутуб 2023,-,-,-,"1, 2",-,-,-,-
стендап смотреть онлайн рутуб,4,-,-,1,8,-,-,-
чужой ромул фильм 2024 смотреть онлайн рутуб,-,-,-,9,-,-,-,-
американская история ужасов смотреть онлайн рутуб,3,-,-,1,-,-,-,-
астрал смотреть онлайн рутубе,3,-,-,"1, 2",-,-,6,-
бременские музыканты фильм смотреть онлайн рутубе,8,-,-,"5, 6",-,-,-,-
властелин колец кольца власти смотреть онлайн рутуб,-,-,-,1,-,-,-,-
жыыызнь сериал смотреть онлайн рутуб,-,-,-,8,-,-,-,-
кунг фу панда 3 смотреть онлайн рутуб,1,-,-,2,-,-,-,-
лед смотреть онлайн рутуб,-,-,-,-,-,-,-,-
один дома смотреть онлайн рутуб,6,-,-,"1, 2",-,-,7,-
подоляка последний выпуск сегодня рутуб смотреть онлайн,-,-,-,1,-,-,-,-
против всех смотреть онлайн рутубе,-,-,-,-,-,-,-,-
пятница смотреть онлайн бесплатно рутуб,8,-,-,"1, 2",-,-,-,-
ужасающий 1 смотреть онлайн бесплатно рутуб,10,-,-,9,-,-,-,-
юрий подоляко рутуб смотреть онлайн,-,-,-,"1, 2, 3",10,-,9,-
гримм сериал смотреть онлайн рутуб,4,-,-,"1, 2",-,-,-,-
дивергент смотреть онлайн рутуб,8,-,-,6,-,-,-,-
клан сопрано смотреть онлайн рутуб,-,-,-,-,-,-,-,-
красная королева смотреть онлайн рутубе,-,-,-,-,-,-,-,-
рутуб смотреть онлайн бесплатно майнкрафт,9,-,-,"1, 2, 3",4,-,5,-
сериал большой потенциал смотреть онлайн рутуб,-,-,-,"1, 2",-,-,-,-
сериал кровавая барыня смотреть онлайн рутубе,-,-,-,10,-,-,-,-
сериал лихие 2024 смотреть онлайн рутуб,-,-,-,10,-,-,-,-
сериал сверхъестественное смотреть онлайн бесплатно рутуб,-,-,-,"1, 2",-,-,-,-
след 2024 смотреть рутуб онлайн бесплатно,-,-,-,-,-,-,-,-
тарас бульба смотреть онлайн рутуб,-,-,-,-,-,-,-,-
твин пикс смотреть онлайн рутубе,6,-,-,1,-,-,-,-
форма голоса смотреть онлайн рутубе,-,-,-,-,-,-,-,-
чебурашка фильм смотреть онлайн бесплатно рутуб,-,-,-,9,-,-,-,-
шрек 3 смотреть онлайн рутуб,4,-,-,"1, 2",-,-,-,-
босс молокосос 1 смотреть онлайн рутуб,-,-,-,-,-,-,-,-
бригада сериал смотреть онлайн рутубе,-,-,-,"1, 2",-,-,-,-
две девицы на мели смотреть онлайн рутуб,-,-,-,"1, 2",-,-,-,-
достать ножи смотреть онлайн рутуб,9,-,-,8,-,-,-,-
женское дело сериал смотреть онлайн рутуб,-,-,-,-,-,-,-,-
коломбо смотреть онлайн рутуб,7,-,-,"1, 2, 3",-,-,10,-
наследники дорама смотреть онлайн рутубе,3,-,-,"1, 2",-,-,-,-
плевако смотреть онлайн рутуб,-,-,-,-,-,-,-,-
пчеловод фильм 2024 смотреть онлайн рутуб,-,-,-,-,-,-,-,-
ривердейл смотреть онлайн рутуб,-,-,-,1,-,-,-,-
рутуб 4 свадьбы смотреть онлайн,-,-,-,1,-,-,-,-
рутубе след бесплатно онлайн смотреть сериал новые,-,-,-,-,-,-,-,-
сверхъестественное смотреть онлайн 1 сезон рутуб,6,-,-,"1, 2",-,-,-,-
сериал дневники вампира смотреть онлайн рутуб,6,-,-,"1, 2, 3",-,-,-,-
трасса 2 серия смотреть онлайн рутуб,-,-,-,-,-,-,-,-
царевны смотреть онлайн рутуб,-,-,-,"1, 2",-,-,-,-
аркейн 2 сезон смотреть онлайн рутуб,7,-,-,"1, 2",-,-,-,-
бордерлендс смотреть онлайн бесплатно рутуб,-,-,-,"8, 9",-,-,-,-
брат смотреть онлайн бесплатно рутуб,-,-,-,"7, 8",-,-,-,-
